{
  "best_norm_layer": 50,
  "best_norm_value": 57.64109055155084,
  "best_cos_layer": 26,
  "best_cos_value": -0.7715606689453125,
  "n_harmful": 128,
  "n_harmless": 128,
  "norms_per_layer": [
    0.06296264618507531,
    0.19887545901193213,
    0.3324469851027758,
    1.1133903885956917,
    1.2916474689292183,
    1.4695950639585853,
    1.5592066828990983,
    1.9759411656622052,
    2.1296655918644887,
    2.3363613413743685,
    3.388119824328849,
    4.138065417593842,
    4.497416998946485,
    5.307587775813055,
    6.532420437199072,
    7.627338341674031,
    8.93277898830778,
    10.864170644226721,
    12.305472003153904,
    14.593212923354814,
    15.277769003621767,
    16.07511094330026,
    15.641327413854063,
    15.551299226208277,
    17.860609690432167,
    19.194960733015662,
    22.875791538833923,
    26.041339108633622,
    29.58052710084725,
    30.53585028441193,
    33.63920078257839,
    36.129746861927686,
    36.46769526652697,
    39.06599553553849,
    41.1788666434016,
    44.920678828564995,
    48.15224247410234,
    50.303083108405644,
    48.40212527640319,
    47.7088435111288,
    46.75506254356999,
    46.27623921815528,
    47.22825658887453,
    49.20055727193926,
    51.19615966028422,
    52.78715716973169,
    53.82000078767509,
    54.89539579113716,
    55.28925050857004,
    54.37833852845125,
    57.64109055155084,
    62.242073651037735,
    69.32358601539964,
    78.22411432135881,
    88.38073414360609,
    92.95166290432118,
    100.82646953124389,
    108.0653708371601,
    114.93382969825757,
    116.48002324236978,
    142.5370576017918,
    153.7368183677261,
    177.23587089930894,
    215.36964038151538
  ],
  "cosines_per_layer": [
    0.006964076776057482,
    0.005944843403995037,
    0.024378415197134018,
    0.011756989173591137,
    0.029779963195323944,
    0.03544982150197029,
    0.04193703457713127,
    0.006120016798377037,
    0.007949048653244972,
    -0.05020569637417793,
    -0.05110759288072586,
    -0.10632342845201492,
    -0.11986637115478516,
    -0.14203102886676788,
    -0.2075258493423462,
    -0.2463136464357376,
    -0.3221703767776489,
    -0.385329008102417,
    -0.425223708152771,
    -0.41444283723831177,
    -0.4272960126399994,
    -0.44016262888908386,
    -0.4584057927131653,
    -0.4593709111213684,
    -0.5592694282531738,
    -0.6415716409683228,
    -0.7715606689453125,
    -0.6687772274017334,
    -0.6261007785797119,
    -0.571516215801239,
    -0.5557982921600342,
    -0.5138716697692871,
    -0.47551602125167847,
    -0.46089598536491394,
    -0.4648451805114746,
    -0.4333480894565582,
    -0.42418497800827026,
    -0.42761242389678955,
    -0.4300903379917145,
    -0.417045533657074,
    -0.39940202236175537,
    -0.3981506824493408,
    -0.39688965678215027,
    -0.3932746946811676,
    -0.37459197640419006,
    -0.34284132719039917,
    -0.32426631450653076,
    -0.3145677447319031,
    -0.2981514632701874,
    -0.2606275677680969,
    -0.23093397915363312,
    -0.23761314153671265,
    -0.21040387451648712,
    -0.1942926049232483,
    -0.1749359369277954,
    -0.1722385287284851,
    -0.16968131065368652,
    -0.17178943753242493,
    -0.1775667667388916,
    -0.15475669503211975,
    -0.12447118014097214,
    -0.11038591712713242,
    -0.1012878343462944,
    -0.05800343304872513
  ]
}